Utworzono;Nazwisko;Treœæ;Adres e-mail;Nr telefonu
16.03.2021, 21:50;Urbañczyk;Hej;;24219140
13.03.2021, 21:44;Lemieszek;Hej;;252965678
13.03.2021, 17:26;Wójcik;Hej;;598851234
13.03.2021, 11:14;Dziok;Hej;;69675825
12.03.2021, 18:00;Dyrcz;Hej;;653753051
12.03.2021, 16:42;Wysokiñska;Hej;;917315897
12.03.2021, 12:05;Pi¹tek;Hej;;870847863
11.03.2021, 17:57;Klimiuk;Hej;;213159788
11.03.2021, 16:33;Pietrykowska;Hej;;456752743
11.03.2021, 16:04;Zardzewia³y;Hej;;986816132
11.03.2021, 11:05;Lis;Hej;;896645677
11.03.2021, 06:49;Wê¿yk;Hej;;559903723
09.03.2021, 19:31;Krych;Hej;;376344722
09.03.2021, 16:21;Ziêcik-Durda;Hej;;516258823
09.03.2021, 14:22;Biernacka;Hej;;962853545
06.03.2021, 02:34;Pietkiewicz;Hej;;132745995
05.03.2021, 20:59;Meledyn;Hej;;222721965
05.03.2021, 12:34;Pasejna;Hej;;377831508
05.03.2021, 11:40;Guz;Hej;;282431452
04.03.2021, 23:04;Langner;Hej;;63973027
04.03.2021, 14:25;Poro¿yñska;Hej;;287313145
04.03.2021, 12:03;Matyko;Hej;;618224732
04.03.2021, 06:45;Ryczewska;Hej;;465077539
03.03.2021, 06:53;S³odkowska;Hej;;395404616
02.03.2021, 13:59;Steæ;Hej;;690769912
02.03.2021, 07:18;Szuster;Hej;;947493330
01.03.2021, 17:08;Rolbiecka;Hej;;143660969
01.03.2021, 14:52;Srogosz;Hej;;860874496
01.03.2021, 13:46;Stró¿yñska;Hej;;653917887
01.03.2021, 13:17;Danuta;Hej;;837798619
01.03.2021, 13:17;Adasik;Hej;;800566408
01.03.2021, 07:53;Mazur;Hej;;847743542
28.02.2021, 20:23;zygadlo;Hej;;227239461
28.02.2021, 11:03;Swoboda;Hej;;408546423
28.02.2021, 06:27;Nosal;Hej;;845488882
27.02.2021, 10:56;Jankowska;Hej;;737201210
26.02.2021, 22:08;Chromiñska;Hej;;256157510
26.02.2021, 22:05;Dziadosz;Hej;;388755604
26.02.2021, 19:54;Szarwacka;Hej;;307304571
26.02.2021, 17:25;W³odarczyk;Hej;;285065559
26.02.2021, 17:05;Halytska;Hej;;950919205
25.02.2021, 18:10;M³ynkowiak-Kamiñska;Hej;;631432530
25.02.2021, 11:04;Durma;Hej;;820821915
25.02.2021, 10:43;Gala;Hej;;78490826
25.02.2021, 00:00;Hain;Hej;;729582975
24.02.2021, 22:53;Pietkiewicz;Hej;;518153270
24.02.2021, 18:44;Tupalska;Hej;;844894294
24.02.2021, 14:14;Lambryczak;Hej;;235452074
24.02.2021, 07:57;Gêbska;Hej;;611505736
24.02.2021, 07:15;Zara;Hej;;754524713
23.02.2021, 21:27;Okuniewicz;Hej;;471005572
23.02.2021, 19:39;Olszar;Hej;;327308060
23.02.2021, 18:12;Kulesza;Hej;;623686054
23.02.2021, 17:13;Gryz;Hej;;66727100
23.02.2021, 16:20;Yoshyyon;Hej;;898186579
23.02.2021, 14:59;Budasz;Hej;;453631646
23.02.2021, 14:40;Liszka;Hej;;882693994
23.02.2021, 13:31;Misiak;Hej;;430462765
23.02.2021, 13:03;Antoniewicz;Hej;;276160788
23.02.2021, 11:52;Nieduziak;Hej;;54279271
23.02.2021, 10:08;Zaleska;Hej;;363502415
23.02.2021, 09:32;Miko³ajczuk;Hej;;378657166
23.02.2021, 09:04;Daniel;Hej;;473759172
23.02.2021, 08:31;Kur;Hej;;623644880
23.02.2021, 07:47;Skupieñ;Hej;;132165415
23.02.2021, 05:47;Tamkun;Hej;;478759111
23.02.2021, 00:02;Pruchniak;Hej;;214935227
22.02.2021, 23:09;Grzejszczak-skipor;Hej;;624194945
22.02.2021, 23:08;Kamiñska;Hej;;838080823
22.02.2021, 23:02;Pohl;Hej;;866163000
22.02.2021, 22:50;¯ochowska-Cukier;Hej;;947723963
22.02.2021, 22:48;Atler;Hej;;103567498
22.02.2021, 22:47;Marcinkowska;Hej;;539966040
22.02.2021, 22:17;Jaskula;Hej;;392509420
22.02.2021, 22:01;Krzysztof;Hej;;914325150
22.02.2021, 14:24;Allaut;Hej;;191587922
22.02.2021, 12:35;Konarska;Hej;;646296806
22.02.2021, 09:19;Lewandowska;Hej;;484183905
21.02.2021, 19:42;Mossakowska;Hej;;72712349
21.02.2021, 14:39;Mikayelyan;Hej;;957149991
21.02.2021, 13:15;Paku³a;Hej;;855447419
21.02.2021, 12:50;Zielinska;Hej;;707398718
21.02.2021, 11:37;Bieñko;Hej;;140672706
21.02.2021, 08:42;Natalia;Hej;;230654730
21.02.2021, 07:44;Kostrzewa;Hej;;174849559
20.02.2021, 14:31;Maci¹g;Hej;;609812633
20.02.2021, 14:17;Kowalska;Hej;;970311682
20.02.2021, 11:40;Gawryszewska;Hej;;599638005
19.02.2021, 22:59;Bartelik;Hej;;339960984
19.02.2021, 18:45;Szpankowska;Hej;;13547428
19.02.2021, 16:38;Manuela;Hej;;177337450
19.02.2021, 14:25;Just;Hej;;140992263
19.02.2021, 11:24;Modliszewska;Hej;;231028968
19.02.2021, 10:32;Sekut;Hej;;407343738
18.02.2021, 16:13;Wesolowska;Hej;;772246804
18.02.2021, 15:50;Zawadka;Hej;;115457555
18.02.2021, 09:48;Podra¿ka;Hej;;498123472
18.02.2021, 00:01;Tomczyk;Hej;;269764092
17.02.2021, 21:48;Safi;Hej;;477765442
17.02.2021, 14:17;Marlenka;Hej;;550870971
16.02.2021, 20:04;Lasota;Hej;;389144433
16.02.2021, 19:07;£obos;Hej;;227615134
16.02.2021, 15:29;Paw³owska;Hej;;920760551
16.02.2021, 09:19;Karkowska;Hej;;269394722
15.02.2021, 09:08;Kozicz;Hej;;689195147
14.02.2021, 23:05;Simon;Hej;;850614101
14.02.2021, 21:07;Dryl;Hej;;238165576
14.02.2021, 08:20;Szydziak;Hej;;62151200
13.02.2021, 11:16;Dabrowska;Hej;;427143912
12.02.2021, 20:55;Nawrot;Hej;;409593639
12.02.2021, 20:07;Anna;Hej;;630951227
12.02.2021, 19:39;Ta;Hej;;113021855
12.02.2021, 19:05;Karliczek;Hej;;646995688
12.02.2021, 15:32;Piechocka;Hej;;428045801
12.02.2021, 11:29;Ptaszek;Hej;;499130959
12.02.2021, 10:02;Wielgus;Hej;;576320608
12.02.2021, 09:09;Wyderka;Hej;;785329472
11.02.2021, 22:07;Janas;Hej;;520073339
11.02.2021, 12:08;Jolie;Hej;;703481289
11.02.2021, 09:56;Piotrowska;Hej;;796605328
11.02.2021, 09:53;Prykiel;Hej;;192257063
11.02.2021, 09:46;Rosó³;Hej;;566115450
10.02.2021, 20:38;Sobczak-Jara;Hej;;602066023
10.02.2021, 17:58;Krawczyk;Hej;;861376394
10.02.2021, 16:27;Jaguœcik;Hej;;907966665
10.02.2021, 15:05;Górka;Hej;;864169232
09.02.2021, 23:28;Paw³owska;Hej;;979698039
09.02.2021, 16:08;GoroioioWoco;Hej;;214671554
08.02.2021, 22:04;Gajda;Hej;;835713123
08.02.2021, 20:16;Nowacka;Hej;;299743353
08.02.2021, 18:36;Kardaœ;Hej;;653828281
08.02.2021, 13:02;Kurzawa;Hej;;438981813
08.02.2021, 12:37;Pacho³ek;Hej;;126310724
07.02.2021, 20:01;Zarzycka;Hej;;471173270
07.02.2021, 18:39;Jarzêbicka;Hej;;821367315
07.02.2021, 10:54;Sieja;Hej;;711287013
07.02.2021, 10:46;Guzik;Hej;;457800207
07.02.2021, 09:51;Kiszczak;Hej;;384743488
06.02.2021, 23:08;Los;Hej;;14465406
06.02.2021, 19:49;Krzywda;Hej;;974949673
06.02.2021, 18:41;Nowak;Hej;;774666488
06.02.2021, 09:19;Lackowski;Hej;;68301158
05.02.2021, 17:18;Jarzêbowicz;Hej;;246438225
05.02.2021, 14:51;Wasil;Hej;;724456037
05.02.2021, 14:15;Kikowska;Hej;;911158412
05.02.2021, 10:34;Rolkami;Hej;;443410684
05.02.2021, 10:17;Michalczyk;Hej;;769467411
05.02.2021, 00:51;Turlej;Hej;;103220911
04.02.2021, 20:03;Nowak;Hej;;107314886
04.02.2021, 16:57;Malinowska;Hej;;641963337
03.02.2021, 13:01;Stawicka;Hej;;631908129
03.02.2021, 07:52;Myszk;Hej;;996739832
03.02.2021, 06:43;Chilmoñczyk;Hej;;471130334
02.02.2021, 23:53;Malec;Hej;;522268704
02.02.2021, 17:35;Sadowska;Hej;;123751707
02.02.2021, 09:19;Wernik;Hej;;553634120
02.02.2021, 08:30;Grzybowska;Hej;;750880219
01.02.2021, 23:28;Derlaga;Hej;;898202824
01.02.2021, 21:41;Kowalczyk;Hej;;972718517
01.02.2021, 20:24;Pawlaczek;Hej;;742915747
01.02.2021, 17:17;K³os;Hej;;60933501
01.02.2021, 16:48;Bogus³awa;Hej;;329552198
31.01.2021, 22:20;Jakóbczak;Hej;;640942140
31.01.2021, 21:48;Widliñska;Hej;;673913717
31.01.2021, 20:09;Maaggda;Hej;;601028435
31.01.2021, 18:19;Muller;Hej;;444712983
31.01.2021, 18:10;Zawa;Hej;;109742366
31.01.2021, 15:48;Zbytniewska;Hej;;612994534
31.01.2021, 11:09;Nowak;Hej;;40242317
30.01.2021, 20:22;Kafara;Hej;;594073769
30.01.2021, 19:46;Koralewicz;Hej;;283879129
30.01.2021, 18:06;Mikolcz;Hej;;328010051
30.01.2021, 17:28;Kopeæ;Hej;;790051696
30.01.2021, 16:55;Tomczak-Byliñska;Hej;;348202097
30.01.2021, 16:08;Zió³kowska;Hej;;193432751
30.01.2021, 15:38;Kaluza;Hej;;276539283
30.01.2021, 14:56;Sawczuk;Hej;;336273653
30.01.2021, 10:56;Hejna;Hej;;815948921
29.01.2021, 22:17;Piotrowska;Hej;;722066294
29.01.2021, 16:47;Lipowicz;Hej;;299888964
29.01.2021, 16:45;Michalak;Hej;;174549228
29.01.2021, 15:13;Michura;Hej;;48253875
29.01.2021, 10:03;Chyc;Hej;;884729956
29.01.2021, 02:32;Stañkowska;Hej;;9105729
28.01.2021, 14:03;Zawacka;Hej;;996539759
27.01.2021, 16:55;Hamerska;Hej;;524170395
27.01.2021, 16:18;¯aliñska;Hej;;655402214
27.01.2021, 11:45;Biskupiak;Hej;;733176741
26.01.2021, 18:19;Milena;Hej;;713842568
26.01.2021, 13:26;Wilk-Œledziewska;Hej;;55545415
25.01.2021, 11:35;Œlusarczyk;Hej;;193346803
25.01.2021, 06:29;Przyby³a;Hej;;936004400
24.01.2021, 20:16;Mêtrak;Hej;;639473149
24.01.2021, 14:50;Tilmanowska;Hej;;241502618
24.01.2021, 13:02;Lukas;Hej;;327905698
24.01.2021, 06:45;K¹dzio³ka;Hej;;411685905
23.01.2021, 21:51;Falkowska;Hej;;289556495
23.01.2021, 15:24;Michalska;Hej;;660822675
23.01.2021, 09:06;£acheta;Hej;;432372827
23.01.2021, 01:03;Pokusa;Hej;;531173813
22.01.2021, 21:56;kowalska;Hej;;958786459
22.01.2021, 17:41;Prusinowska;Hej;;700266082
22.01.2021, 11:48;Bilska;Hej;;433619928
22.01.2021, 10:29;Kêpiñska;Hej;;535587149
22.01.2021, 00:20;Zieliñska;Hej;;867510812
21.01.2021, 17:51;Jaskot;Hej;;282188067
21.01.2021, 16:11;Smolnik;Hej;;123318984
21.01.2021, 14:00;Siwiec;Hej;;501701829
21.01.2021, 13:31;Reslerowska;Hej;;252091777
21.01.2021, 12:43;Midura;Hej;;419377914
21.01.2021, 10:47;Kos;Hej;;616989608
20.01.2021, 22:02;Ho³ubowska;Hej;;846422038
19.01.2021, 23:51;Wojtyszczak;Hej;;394886633
19.01.2021, 23:32;Dobryniewska-Korolczuk;Hej;;349544323
19.01.2021, 23:27;Grochowska;Hej;;580933490
19.01.2021, 19:16;Koz³owska;Hej;;702667357
19.01.2021, 17:10;Ka;Hej;;517063625
19.01.2021, 14:41;Hajduœ;Hej;;711370989
19.01.2021, 06:17;Konieczny;Hej;;699296589
18.01.2021, 18:57;Kulczykowska;Hej;;420802001
18.01.2021, 15:09;Mizga³a;Hej;;957456711
18.01.2021, 07:57;Subtelna;Hej;;98144341
17.01.2021, 22:37;Tkaczuk-Prazmo;Hej;;656020477
17.01.2021, 20:04;Wiencierz;Hej;;576338072
17.01.2021, 16:48;Kmiecik;Hej;;422281839
17.01.2021, 14:52;Malinowska;Hej;;236726302
17.01.2021, 14:26;Magdalena;Hej;;386505851
17.01.2021, 13:29;Kantor;Hej;;280795616
17.01.2021, 12:08;Szymukowicz;Hej;;166122344
16.01.2021, 17:53;¯ukowska;Hej;;121160285
16.01.2021, 16:29;S³aboñ;Hej;;332011603
15.01.2021, 22:00;Pilarska;Hej;;506480971
15.01.2021, 19:11;Kotus;Hej;;914047648
15.01.2021, 18:02;Franczyk;Hej;;654233758
15.01.2021, 08:54;Jarzêbska;Hej;;563893076
15.01.2021, 07:31;Wiœniewska;Hej;;270310911
15.01.2021, 00:21;Zawadzka;Hej;;303987915
15.01.2021, 00:14;Kowalewska;Hej;;248502279
14.01.2021, 19:17;Gawron;Hej;;267792234
14.01.2021, 16:21;Kostur;Hej;;500514271
14.01.2021, 10:16;Fadiejew;Hej;;606979922
13.01.2021, 19:59;Pach;Hej;;90692616
13.01.2021, 19:53;Niewczas;Hej;;769405066
13.01.2021, 19:31;Nader;Hej;;804786067
13.01.2021, 18:02;Gorzelañczyk;Hej;;215702014
13.01.2021, 14:47;Juszczyk;Hej;;497120032
13.01.2021, 13:57;Kujawska;Hej;;370325841
13.01.2021, 12:48;Sroka;Hej;;382768227
13.01.2021, 10:51;G³os;Hej;;219264923
13.01.2021, 10:16;Golenia;Hej;;447252592
12.01.2021, 23:55;Mlynarczyk;Hej;;558795382
12.01.2021, 19:35;Wilkoszewski;Hej;;575458830
12.01.2021, 08:32;Nawoj;Hej;;163341895
12.01.2021, 06:29;Paruch;Hej;;549499027
11.01.2021, 23:42;Stremel;Hej;;274087332
11.01.2021, 22:50;Cho³odecka;Hej;;282805903
11.01.2021, 22:21;Sikora;Hej;;469494419
11.01.2021, 19:09;Olszowska;Hej;;690222197
11.01.2021, 16:06;Balcerek;Hej;;578743617
11.01.2021, 16:00;Kowalewski;Hej;;193582637
11.01.2021, 08:59;Ma³owiecki;Hej;;558997589
10.01.2021, 23:31;Andrzejczak;Hej;;803397842
10.01.2021, 21:10;Kubica;Hej;;154773770
10.01.2021, 21:08;Kwaœniewska;Hej;;334906512
10.01.2021, 16:13;Stepczyñska;Hej;;507479779
10.01.2021, 15:58;Szewc;Hej;;678778033
10.01.2021, 14:11;Tomaszewska-Sêk;Hej;;626389230
10.01.2021, 13:25;Bialek;Hej;;927968491
10.01.2021, 11:08;Kazimierczak;Hej;;126400662
10.01.2021, 01:55;Kosiada;Hej;;148761533
09.01.2021, 22:05;Prusko;Hej;;518873539
09.01.2021, 21:22;Kie³basiñska;Hej;;582054290
09.01.2021, 20:35;Juszkiewicz;Hej;;541199654
09.01.2021, 19:38;Bartoszewicz;Hej;;579721412
09.01.2021, 12:36;G¿yl;Hej;;923175775
09.01.2021, 12:11;Siwek;Hej;;742899086
09.01.2021, 11:52;Aneta;Hej;;421081996
08.01.2021, 23:52;Krajewski;Hej;;967548955
08.01.2021, 22:23;Tryskuæ;Hej;;192027955
08.01.2021, 19:40;Gêbska;Hej;;528418959
08.01.2021, 16:14;Sawicka;Hej;;502960144
08.01.2021, 15:54;Lipert;Hej;;864563003
08.01.2021, 15:33;Grochowska;Hej;;495727155
08.01.2021, 15:24;PoŸycka;Hej;;174814914
08.01.2021, 13:25;Maria;Hej;;29950920
08.01.2021, 10:34;Waszkiewicz;Hej;;31592180
08.01.2021, 09:02;Chorobiñska;Hej;;234626361
07.01.2021, 23:11;Stawicka;Hej;;708601203
07.01.2021, 23:04;Aleksandrowicz;Hej;;546803807
07.01.2021, 19:24;Waliniak;Hej;;735155863
07.01.2021, 17:24;Wyrzykowska;Hej;;354727582
07.01.2021, 16:36;Korzemiacka;Hej;;581079199
07.01.2021, 13:58;KoŸlak;Hej;;985069699
07.01.2021, 08:42;D¹browa;Hej;;610159408
06.01.2021, 23:21;Gosia;Hej;;617421679
06.01.2021, 22:53;Dyrek;Hej;;79152382
06.01.2021, 17:13;Dybka;Hej;;546931546
06.01.2021, 12:43;Efemberg;Hej;;745344403
06.01.2021, 12:15;Milej;Hej;;151781155
06.01.2021, 08:43;Jakubowski;Hej;;388797896
06.01.2021, 08:21;Rajczyk;Hej;;689885368
05.01.2021, 17:00;Sigurvinsson;Hej;;410250395
05.01.2021, 14:21;Michalak;Hej;;530574738
05.01.2021, 14:21;Klimaszewska;Hej;;329891550
05.01.2021, 12:32;Mieczkowska;Hej;;156999461
05.01.2021, 12:01;Duda;Hej;;832315088
04.01.2021, 22:13;Wójcik;Hej;;856753459
04.01.2021, 20:27;Kobza;Hej;;822008302
04.01.2021, 17:58;Waœlicka-Robak;Hej;;161639045
04.01.2021, 17:38;Walczak;Hej;;50901961
04.01.2021, 16:19;Kalinowska;Hej;;56704514
04.01.2021, 13:36;Dziewulska;Hej;;937515945
04.01.2021, 12:37;Janusz;Hej;;571783939
04.01.2021, 11:44;Klatkowska;Hej;;129377119
04.01.2021, 09:11;Matonog;Hej;;304196326
04.01.2021, 08:16;Grzegorzewska;Hej;;506210847
04.01.2021, 04:41;Janas;Hej;;628284468
04.01.2021, 04:38;Krajewska;Hej;;979638669
03.01.2021, 22:16;Imio³ek;Hej;;862579305
03.01.2021, 21:04;Kowalski;Hej;;692060745
03.01.2021, 18:54;Miko³ajczak;Hej;;2797920
03.01.2021, 18:30;Anielska;Hej;;157786042
03.01.2021, 16:42;K³os;Hej;;10061016
03.01.2021, 13:43;Barcka;Hej;;816975434
03.01.2021, 08:18;Rewucha;Hej;;830509349
02.01.2021, 19:28;Gac;Hej;;37839681
02.01.2021, 16:35;Szczebara;Hej;;821612194
02.01.2021, 15:13;Kosior-Górnostaj;Hej;;994439700
02.01.2021, 13:30;Oleszczuk;Hej;;127261939
02.01.2021, 12:46;Krawczyk;Hej;;740562114
02.01.2021, 09:58;Balzam;Hej;;228615157
02.01.2021, 09:12;Jakóbiak-Orzechowska;Hej;;505440080
01.01.2021, 21:13;Babiñska;Hej;;913923323
01.01.2021, 18:34;Wiœniewska;Hej;;383598965
01.01.2021, 16:42;Ziarkiewicz;Hej;;800602737
01.01.2021, 16:33;Ewa;Hej;;106637355
01.01.2021, 11:51;£azewski;Hej;;218053390
01.01.2021, 10:40;Ryczko;Hej;;592540559
01.01.2021, 09:49;Moscicka;Hej;;762546637
01.01.2021, 09:17;Grudzi¹¿;Hej;;544785954
31.12.2020, 23:22;Turczynowska;Hej;;19611954
31.12.2020, 09:00;G¹secka;Hej;;932385689
31.12.2020, 08:43;Dudzinski;Hej;;218038000
30.12.2020, 23:46;Starak;Hej;;46816936
30.12.2020, 19:39;Kwiatkowska;Hej;;429527722
30.12.2020, 19:36;Krawczyk;Hej;;312013323
30.12.2020, 18:53;Karpinska-Czarna;Hej;;592203263
30.12.2020, 17:05;Roj;Hej;;605302198
30.12.2020, 15:47;Adamska;Hej;;92212860
30.12.2020, 11:24;Kaniewska;Hej;;685533419
30.12.2020, 09:51;Andrzejewska-Piotr;Hej;;433645731
29.12.2020, 23:11;Pol;Hej;;388062667
29.12.2020, 21:01;Wichowska;Hej;;86050387
29.12.2020, 19:14;Kosela-Wolnik;Hej;;488464325
29.12.2020, 17:48;Dudziñska;Hej;;489730945
29.12.2020, 15:56;Skoczylas;Hej;;24324063
29.12.2020, 13:41;Mi³ecka;Hej;;821120033
28.12.2020, 23:34;Poletek;Hej;;756751617
28.12.2020, 22:09;Kielesiñska;Hej;;63300526
28.12.2020, 21:36;Musz;Hej;;549733436
28.12.2020, 18:43;Bogacz;Hej;;39774347
28.12.2020, 11:10;Mackiewicz;Hej;;677657162
28.12.2020, 10:50;Juszczak;Hej;;378043470
27.12.2020, 23:57;Tymkowska;Hej;;809663096
27.12.2020, 21:10;Ga³ecka;Hej;;36714907
27.12.2020, 20:01;Lewandowska;Hej;;663193463
27.12.2020, 19:58;Szymkowiak;Hej;;635855628
27.12.2020, 18:58;Schlief;Hej;;221114242
27.12.2020, 16:28;M³ynarska;Hej;;218641715
27.12.2020, 15:31;Mikolajczak;Hej;;341075353
27.12.2020, 12:25;Batorska;Hej;;790411752
27.12.2020, 10:35;Kmiecik;Hej;;924279893
27.12.2020, 08:46;Janasz;Hej;;997255010
26.12.2020, 10:24;Stró¿yk;Hej;;888055969
26.12.2020, 08:41;¯ak;Hej;;702806266
26.12.2020, 06:44;Ulenberg;Hej;;944309226
26.12.2020, 00:27;Kosycarz;Hej;;852109180
25.12.2020, 21:13;Wojnarowska;Hej;;734251273
25.12.2020, 20:56;Rzadkosz;Hej;;432993966
25.12.2020, 20:43;Gierat;Hej;;781586722
25.12.2020, 17:22;Byliñska;Hej;;732575934
25.12.2020, 14:51;Kowalczyk;Hej;;850235751
25.12.2020, 12:44;Dziemido;Hej;;429612066
25.12.2020, 08:42;Siwek;Hej;;408388768
25.12.2020, 07:30;Garcarek;Hej;;545864636
25.12.2020, 00:19;S³apiñska;Hej;;740314458
24.12.2020, 21:43;;Hej;;178424448
24.12.2020, 19:20;Fiszer;Hej;;337092746
24.12.2020, 16:13;Karpiuk;Hej;;321502579
24.12.2020, 12:08;Hejman;Hej;;268960570
24.12.2020, 02:45;Picz?ra;Hej;;97669543
23.12.2020, 22:35;Kamo-Libio;Hej;;219968839
23.12.2020, 18:58;Abrahamczyk;Hej;;348515190
23.12.2020, 17:31;Gargasz;Hej;;304743292
23.12.2020, 14:33;Szulc;Hej;;815679415
23.12.2020, 09:38;Gruda;Hej;;739552345
23.12.2020, 08:40;Za³êska;Hej;;760944775
23.12.2020, 07:50;Daria;Hej;;549226455
23.12.2020, 06:01;Zakrzewska;Hej;;43982635
23.12.2020, 05:47;Wieczorek;Hej;;205128575
22.12.2020, 18:25;My³ka;Hej;;640487978
22.12.2020, 18:22;Zimnicka;Hej;;148221132
22.12.2020, 12:40;Pi¹tek;Hej;;534509140
22.12.2020, 12:22;Tomczyk;Hej;;57869240
22.12.2020, 05:41;Osiadacz;Hej;;309081761
21.12.2020, 20:50;Re;Hej;;917230670
21.12.2020, 17:17;Piotrowska;Hej;;220631965
21.12.2020, 16:36;Stachowicz;Hej;;103009192
21.12.2020, 13:22;M³ynarczyk;Hej;;867105803
21.12.2020, 13:06;D¹browska;Hej;;840489384
20.12.2020, 21:38;Ratkowska;Hej;;605044062
20.12.2020, 20:35;Sibora;Hej;;270910037
20.12.2020, 20:10;Stasiak;Hej;;895567452
20.12.2020, 10:53;Trembiska;Hej;;318506589
20.12.2020, 07:42;Pañka;Hej;;316871477
20.12.2020, 07:32;Ci;Hej;;831967937
20.12.2020, 00:27;Bartnikowska;Hej;;738077632
19.12.2020, 22:07;Tylman;Hej;;176443797
19.12.2020, 21:05;Lubiak;Hej;;170059367
19.12.2020, 19:38;Szulc;Hej;;512758523
19.12.2020, 18:10;Pitek;Hej;;511704089
19.12.2020, 16:08;Raczyñski;Hej;;919639830
19.12.2020, 11:48;Bieliñska;Hej;;83873445
18.12.2020, 23:09;Molata;Hej;;176958903
18.12.2020, 17:58;Wrona;Hej;;84864479
18.12.2020, 13:54;Malolepsza;Hej;;89551663
18.12.2020, 10:42;Gel;Hej;;348099789
17.12.2020, 15:24;Œwiêtochowski;Hej;;152406118
17.12.2020, 14:41;Trawniczek;Hej;;575381354
10.12.2020, 22:12;Wójcik;Hej;;182304384
10.12.2020, 17:31;Huptas;Hej;;8276819
10.12.2020, 16:44;Hodowany;Hej;;727221776
12.11.2020, 13:32;Rucki;Hej;;153249105
